--1-task: Combine Two Tables
Create table Person (personId int, firstName varchar(255), lastName varchar(255))
Create table Address (addressId int, personId int, city varchar(255), state varchar(255))
Truncate table Person
insert into Person (personId, lastName, firstName) values ('1', 'Wang', 'Allen')
insert into Person (personId, lastName, firstName) values ('2', 'Alice', 'Bob')
Truncate table Address
insert into Address (addressId, personId, city, state) values ('1', '2', 'New York City', 'New York')
insert into Address (addressId, personId, city, state) values ('2', '3', 'Leetcode', 'California')

select * from Person
select * from Address

SELECT 
    P.firstName, 
    P.lastName, 
    A.city, 
    A.state
FROM 
    Person AS P
LEFT JOIN 
    Address AS A
ON 
    P.personId = A.personId;

--2-task: Find employees Earning More Than Their Managers
Create table Employee (id int, name varchar(255), salary int, managerId int)
Truncate table Employee
insert into Employee (id, name, salary, managerId) values ('1', 'Joe', '70000', '3')
insert into Employee (id, name, salary, managerId) values ('2', 'Henry', '80000', '4')
insert into Employee (id, name, salary, managerId) values ('3', 'Sam', '60000', NULL)
insert into Employee (id, name, salary, managerId) values ('4', 'Max', '90000', NULL)

SELECT 
    E.name AS Employee
FROM 
    Employee AS E
JOIN 
    Employee AS M
ON 
    E.managerId = M.id
WHERE 
    E.salary > M.salary;

--3-task: Duplicate Emails
drop table Person
Create table Person (id int, email varchar(255)) 
insert into Person (id, email) values ('1', 'a@b.com') insert into Person (id, email) values ('2', 'c@d.com') 
insert into Person (id, email) values ('3', 'a@b.com')

SELECT 
    Email AS Email
FROM 
    Person
GROUP BY 
    Email
HAVING 
    COUNT(Email) > 1;

--4-task: Delete Duplicate Emails
CREATE TABLE Person (
    id INT PRIMARY KEY,
    email VARCHAR(255)
);
truncate table person
INSERT INTO Person (id, email) VALUES
(1, 'john@example.com'),
(2, 'bob@example.com'),
(3, 'john@example.com');

DELETE FROM Person
WHERE id NOT IN (
    SELECT MIN(id)
    FROM Person
    GROUP BY email
);

--5-task: Find those parents who has only girls.
CREATE TABLE boys (
    Id INT PRIMARY KEY,
    name VARCHAR(100),
    ParentName VARCHAR(100)
);

CREATE TABLE girls (
    Id INT PRIMARY KEY,
    name VARCHAR(100),
    ParentName VARCHAR(100)
);

INSERT INTO boys (Id, name, ParentName) 
VALUES 
(1, 'John', 'Michael'),  
(2, 'David', 'James'),   
(3, 'Alex', 'Robert'),   
(4, 'Luke', 'Michael'),  
(5, 'Ethan', 'David'),    
(6, 'Mason', 'George');  


INSERT INTO girls (Id, name, ParentName) 
VALUES 
(1, 'Emma', 'Mike'),  
(2, 'Olivia', 'James'),  
(3, 'Ava', 'Robert'),    
(4, 'Sophia', 'Mike'),  
(5, 'Mia', 'John'),      
(6, 'Isabella', 'Emily'),
(7, 'Charlotte', 'George');

SELECT DISTINCT G.ParentName
FROM girls AS G
LEFT JOIN boys as B 
ON G.ParentName = B.ParentName
WHERE B.ParentName IS NULL;

--6
CREATE SCHEMA Sales AUTHORIZATION dbo;
CREATE SCHEMA HR AUTHORIZATION dbo;
CREATE SCHEMA Production AUTHORIZATION dbo;
CREATE SCHEMA Stats AUTHORIZATION dbo;



CREATE TABLE HR.Employees
(
  empid           INT          NOT NULL IDENTITY,
  lastname        NVARCHAR(20) NOT NULL,
  firstname       NVARCHAR(10) NOT NULL,
  title           NVARCHAR(30) NOT NULL,
  titleofcourtesy NVARCHAR(25) NOT NULL,
  birthdate       DATETIME     NOT NULL,
  hiredate        DATETIME     NOT NULL,
  address         NVARCHAR(60) NOT NULL,
  city            NVARCHAR(15) NOT NULL,
  region          NVARCHAR(15) NULL,
  postalcode      NVARCHAR(10) NULL,
  country         NVARCHAR(15) NOT NULL,
  phone           NVARCHAR(24) NOT NULL,
  mgrid           INT          NULL,
  CONSTRAINT PK_Employees PRIMARY KEY(empid),
  CONSTRAINT FK_Employees_Employees FOREIGN KEY(mgrid)
    REFERENCES HR.Employees(empid),
  CONSTRAINT CHK_birthdate CHECK(birthdate <= CURRENT_TIMESTAMP)
);

CREATE NONCLUSTERED INDEX idx_nc_lastname   ON HR.Employees(lastname);
CREATE NONCLUSTERED INDEX idx_nc_postalcode ON HR.Employees(postalcode);


CREATE TABLE Sales.Customers
(
  custid       INT          NOT NULL IDENTITY,
  companyname  NVARCHAR(40) NOT NULL,
  contactname  NVARCHAR(30) NOT NULL,
  contacttitle NVARCHAR(30) NOT NULL,
  address      NVARCHAR(60) NOT NULL,
  city         NVARCHAR(15) NOT NULL,
  region       NVARCHAR(15) NULL,
  postalcode   NVARCHAR(10) NULL,
  country      NVARCHAR(15) NOT NULL,
  phone        NVARCHAR(24) NOT NULL,
  fax          NVARCHAR(24) NULL,
  CONSTRAINT PK_Customers PRIMARY KEY(custid)
);

CREATE NONCLUSTERED INDEX idx_nc_city        ON Sales.Customers(city);
CREATE NONCLUSTERED INDEX idx_nc_companyname ON Sales.Customers(companyname);
CREATE NONCLUSTERED INDEX idx_nc_postalcode  ON Sales.Customers(postalcode);
CREATE NONCLUSTERED INDEX idx_nc_region      ON Sales.Customers(region);

CREATE TABLE Sales.Shippers
(
  shipperid   INT          NOT NULL IDENTITY,
  companyname NVARCHAR(40) NOT NULL,
  phone       NVARCHAR(24) NOT NULL,
  CONSTRAINT PK_Shippers PRIMARY KEY(shipperid)
);


CREATE TABLE Sales.Orders
(
  orderid        INT          NOT NULL IDENTITY,
  custid         INT          NULL,
  empid          INT          NOT NULL,
  orderdate      DATETIME     NOT NULL,
  requireddate   DATETIME     NOT NULL,
  shippeddate    DATETIME     NULL,
  shipperid      INT          NOT NULL,
  freight        MONEY        NOT NULL
    CONSTRAINT DFT_Orders_freight DEFAULT(0),
  shipname       NVARCHAR(40) NOT NULL,
  shipaddress    NVARCHAR(60) NOT NULL,
  shipcity       NVARCHAR(15) NOT NULL,
  shipregion     NVARCHAR(15) NULL,
  shippostalcode NVARCHAR(10) NULL,
  shipcountry    NVARCHAR(15) NOT NULL,
  CONSTRAINT PK_Orders PRIMARY KEY(orderid),
  CONSTRAINT FK_Orders_Customers FOREIGN KEY(custid)
    REFERENCES Sales.Customers(custid),
  CONSTRAINT FK_Orders_Employees FOREIGN KEY(empid)
    REFERENCES HR.Employees(empid),
  CONSTRAINT FK_Orders_Shippers FOREIGN KEY(shipperid)
    REFERENCES Sales.Shippers(shipperid)
);

CREATE NONCLUSTERED INDEX idx_nc_custid         ON Sales.Orders(custid);
CREATE NONCLUSTERED INDEX idx_nc_empid          ON Sales.Orders(empid);
CREATE NONCLUSTERED INDEX idx_nc_shipperid      ON Sales.Orders(shipperid);
CREATE NONCLUSTERED INDEX idx_nc_orderdate      ON Sales.Orders(orderdate);
CREATE NONCLUSTERED INDEX idx_nc_shippeddate    ON Sales.Orders(shippeddate);
CREATE NONCLUSTERED INDEX idx_nc_shippostalcode ON Sales.Orders(shippostalcode);

ALTER TABLE Sales.Orders
ADD weight FLOAT NULL;

SELECT 
    o.custid,
    SUM(o.freight) AS TotalSalesAmount,
    MIN(o.weight) AS LeastWeight
FROM 
    Sales.Orders o
WHERE 
    o.weight > 50
GROUP BY 
    o.custid;

--7-task: You have the tables below, write a query to get the expected output
DROP TABLE IF EXISTS Cart1;
DROP TABLE IF EXISTS Cart2;

CREATE TABLE Cart1
(
Item  VARCHAR(100) PRIMARY KEY
);
CREATE TABLE Cart2
(
Item  VARCHAR(100) PRIMARY KEY
);

INSERT INTO Cart1 (Item) VALUES
('Sugar'),('Bread'),('Juice'),('Soda'),('Flour');

INSERT INTO Cart2 (Item) VALUES
('Sugar'),('Bread'),('Butter'),('Cheese'),('Fruit');

SELECT 
    c1.Item AS [Item Cart 1], 
    c2.Item AS [Item Cart 2]
FROM 
    Cart1 c1
FULL OUTER JOIN 
    Cart2 c2
ON 
    c1.Item = c2.Item;

--8-task: Customers Who Never Order

Create table Customers (id int, name varchar(255))
Create table Orders (id int, customerId int)
Truncate table Customers
insert into Customers (id, name) values ('1', 'Joe')
insert into Customers (id, name) values ('2', 'Henry')
insert into Customers (id, name) values ('3', 'Sam')
insert into Customers (id, name) values ('4', 'Max')
Truncate table Orders
insert into Orders (id, customerId) values ('1', '3')
insert into Orders (id, customerId) values ('2', '1')

SELECT 
    c.name AS Customers
FROM 
    Customers c
LEFT JOIN 
    Orders o ON c.id = o.customerId
WHERE 
    o.customerId IS NULL;

--9-task: Write a solution to find the number of times each student attended each exam. Return the result table ordered by student_id and subject_name
Create table Students (student_id int, student_name varchar(20))
Create table Subjects (subject_name varchar(20))
Create table Examinations (student_id int, subject_name varchar(20))
Truncate table Students
insert into Students (student_id, student_name) values ('1', 'Alice')
insert into Students (student_id, student_name) values ('2', 'Bob')
insert into Students (student_id, student_name) values ('13', 'John')
insert into Students (student_id, student_name) values ('6', 'Alex')
Truncate table Subjects
insert into Subjects (subject_name) values ('Math')
insert into Subjects (subject_name) values ('Physics')
insert into Subjects (subject_name) values ('Programming')
Truncate table Examinations
insert into Examinations (student_id, subject_name) values ('1', 'Math')
insert into Examinations (student_id, subject_name) values ('1', 'Physics')
insert into Examinations (student_id, subject_name) values ('1', 'Programming')
insert into Examinations (student_id, subject_name) values ('2', 'Programming')
insert into Examinations (student_id, subject_name) values ('1', 'Physics')
insert into Examinations (student_id, subject_name) values ('1', 'Math')
insert into Examinations (student_id, subject_name) values ('13', 'Math')
insert into Examinations (student_id, subject_name) values ('13', 'Programming')
insert into Examinations (student_id, subject_name) values ('13', 'Physics')
insert into Examinations (student_id, subject_name) values ('2', 'Math')
insert into Examinations (student_id, subject_name) values ('1', 'Math')

SELECT 
    s.student_id,
    s.student_name,
    sub.subject_name,
    COALESCE(COUNT(e.subject_name), 0) AS attended_exams
FROM 
    Students AS s
CROSS JOIN 
    Subjects sub
LEFT JOIN 
    Examinations AS e 
ON 
    s.student_id = e.student_id 
    AND sub.subject_name = e.subject_name
GROUP BY 
    s.student_id, s.student_name, sub.subject_name
ORDER BY 
    s.student_id, sub.subject_name;
